{"cameraMode":{"drawMode":0,"name":"Shaded","section":"Shading Mode"},"sceneLighting":true,"audioPlay":false,"sceneViewState":{"showFog":true,"showMaterialUpdate":false,"showSkybox":true,"showFlares":true,"showImageEffects":true,"showParticleSystems":true},"in2DMode":false,"pivot":{"x":0.9381239414215088,"y":3.8097124099731447,"z":3.2764549255371095},"rotation":{"x":0.004215606022626162,"y":0.9393667578697205,"z":-0.34269359707832339,"w":0.011554643511772156},"size":9.417850494384766,"orthographic":false}