{"cameraMode":{"drawMode":0,"name":"Shaded","section":"Shading Mode"},"sceneLighting":false,"audioPlay":false,"sceneViewState":{"showFog":true,"showMaterialUpdate":false,"showSkybox":true,"showFlares":true,"showImageEffects":true,"showParticleSystems":true},"in2DMode":false,"pivot":{"x":0.0,"y":-1.0099999904632569,"z":2.9600000381469728},"rotation":{"x":0.004215606022626162,"y":0.9393667578697205,"z":-0.34269359707832339,"w":0.011554643511772156},"size":2.113260507583618,"orthographic":false}